Grupo,Media,Mediana,Desvio_Padrao
Humana,4.286666666666667,4.0,0.8301100975468358
IA,4.433333333333334,5.0,0.6796827790149503
